form	label	len	freq	train_freq	dev_freq	form	form_freq	label	num_labels	label_freq
이날	DT_DAY	2	808	646	162	이날	808	DT_DAY	1	4356
경찰	OGG_POLITICS	2	734	605	129	경찰	751	OGG_POLITICS	4	4492
경찰	CV_OCCUPATION	2	15	13	2	경찰	751	CV_OCCUPATION	4	3329
경찰	CV_CLOTHING	2	1	1	0	경찰	751	CV_CLOTHING	4	193
경찰	TMI_SERVICE	2	1	1	0	경찰	751	TMI_SERVICE	4	699
배우	CV_OCCUPATION	2	720	578	142	배우	722	CV_OCCUPATION	2	3329
배우	CV_POSITION	2	2	2	0	배우	722	CV_POSITION	2	4290
한국	LCP_COUNTRY	2	556	452	104	한국	608	LCP_COUNTRY	4	3705
한국	OGG_SPORTS	2	41	33	8	한국	608	OGG_SPORTS	4	970
한국	OGG_POLITICS	2	9	6	3	한국	608	OGG_POLITICS	4	4492
한국	EV_SPORTS	2	2	2	0	한국	608	EV_SPORTS	4	720
A	PS_NAME	1	594	489	105	A	598	PS_NAME	3	17466
A	QT_ORDER	1	3	2	1	A	598	QT_ORDER	3	2633
A	OGG_ECONOMY	1	1	1	0	A	598	OGG_ECONOMY	3	1897
미국	LCP_COUNTRY	2	510	434	76	미국	568	LCP_COUNTRY	6	3705
미국	OGG_POLITICS	2	47	39	8	미국	568	OGG_POLITICS	6	4492
미국	OGG_SPORTS	2	6	4	2	미국	568	OGG_SPORTS	6	970
미국	OGG_MEDICINE	2	2	2	0	미국	568	OGG_MEDICINE	6	143
미국	CV_ART	2	2	2	0	미국	568	CV_ART	6	674
미국	LCP_PROVINCE	2	1	1	0	미국	568	LCP_PROVINCE	6	936
감독	CV_POSITION	2	563	457	106	감독	563	CV_POSITION	1	4290
김	PS_NAME	1	515	434	81	김	521	PS_NAME	3	17466
김	CV_FOOD	1	5	4	1	김	521	CV_FOOD	3	360
김	OGG_FOOD	1	1	0	1	김	521	OGG_FOOD	3	181
서울	LCP_CAPITALCITY	2	472	387	85	서울	476	LCP_CAPITALCITY	3	738
서울	LCP_CITY	2	2	2	0	서울	476	LCP_CITY	3	1262
서울	OGG_SPORTS	2	2	2	0	서울	476	OGG_SPORTS	3	970
대통령	CV_POSITION	3	456	386	70	대통령	457	CV_POSITION	2	4290
대통령	OGG_POLITICS	3	1	1	0	대통령	457	OGG_POLITICS	2	4492
일본	LCP_COUNTRY	2	380	306	74	일본	409	LCP_COUNTRY	3	3705
일본	OGG_POLITICS	2	18	17	1	일본	409	OGG_POLITICS	3	4492
일본	OGG_SPORTS	2	11	11	0	일본	409	OGG_SPORTS	3	970
10점	QT_OTHERS	3	398	339	59	10점	404	QT_OTHERS	2	1946
10점	QT_COUNT	3	6	6	0	10점	404	QT_COUNT	2	3166
중국	LCP_COUNTRY	2	354	279	75	중국	379	LCP_COUNTRY	5	3705
중국	OGG_POLITICS	2	15	13	2	중국	379	OGG_POLITICS	5	4492
중국	OGG_SPORTS	2	7	7	0	중국	379	OGG_SPORTS	5	970
중국	CV_ART	2	2	2	0	중국	379	CV_ART	5	674
중국	OGG_MILITARY	2	1	1	0	중국	379	OGG_MILITARY	5	422
박	PS_NAME	1	345	297	48	박	345	PS_NAME	1	17466
북한	LCP_COUNTRY	2	230	195	35	북한	345	LCP_COUNTRY	3	3705
북한	OGG_POLITICS	2	113	95	18	북한	345	OGG_POLITICS	3	4492
북한	OGG_SPORTS	2	2	2	0	북한	345	OGG_SPORTS	3	970
의원	CV_POSITION	2	326	263	63	의원	326	CV_POSITION	1	4290
이	PS_NAME	1	316	276	40	이	316	PS_NAME	1	17466
하나	QT_COUNT	2	300	253	47	하나	315	QT_COUNT	5	3166
하나	QT_MAN_COUNT	2	12	11	1	하나	315	QT_MAN_COUNT	5	2224
하나	OGG_ECONOMY	2	1	0	1	하나	315	OGG_ECONOMY	5	1897
하나	QT_ORDER	2	1	1	0	하나	315	QT_ORDER	5	2633
하나	PS_NAME	2	1	1	0	하나	315	PS_NAME	5	17466
1점	QT_OTHERS	2	301	271	30	1점	308	QT_OTHERS	3	1946
1점	QT_SPORTS	2	6	4	2	1점	308	QT_SPORTS	3	372
1점	QT_COUNT	2	1	1	0	1점	308	QT_COUNT	3	3166
정부	OGG_POLITICS	2	305	263	42	정부	306	OGG_POLITICS	2	4492
정부	OGG_ECONOMY	2	1	1	0	정부	306	OGG_ECONOMY	2	1897
검찰	OGG_POLITICS	2	289	243	46	검찰	289	OGG_POLITICS	1	4492
1편	QT_ORDER	2	216	192	24	1편	218	QT_ORDER	3	2633
1편	AFA_VIDEO	2	1	1	0	1편	218	AFA_VIDEO	3	2287
1편	QT_COUNT	2	1	1	0	1편	218	QT_COUNT	3	3166
오후	TI_DURATION	2	191	153	38	오후	193	TI_DURATION	3	1703
오후	TI_HOUR	2	1	1	0	오후	193	TI_HOUR	3	331
오후	TI_OTHERS	2	1	1	0	오후	193	TI_OTHERS	3	577
대표	CV_POSITION	2	188	153	35	대표	189	CV_POSITION	2	4290
대표	EV_OTHERS	2	1	1	0	대표	189	EV_OTHERS	2	826
가수	CV_OCCUPATION	2	182	148	34	가수	182	CV_OCCUPATION	1	3329
오전	TI_DURATION	2	179	143	36	오전	181	TI_DURATION	2	1703
오전	TI_HOUR	2	2	2	0	오전	181	TI_HOUR	2	331
가족	CV_RELATION	2	177	134	43	가족	179	CV_RELATION	3	1679
가족	AFW_SERVICE_PRODUCTS	2	1	0	1	가족	179	AFW_SERVICE_PRODUCTS	3	14
가족	OGG_OTHERS	2	1	1	0	가족	179	OGG_OTHERS	3	531
B	PS_NAME	1	173	151	22	B	175	PS_NAME	2	17466
B	QT_ORDER	1	2	1	1	B	175	QT_ORDER	2	2633
회장	CV_POSITION	2	175	142	33	회장	175	CV_POSITION	1	4290
학생	CV_OCCUPATION	2	171	147	24	학생	171	CV_OCCUPATION	1	3329
오늘	DT_DAY	2	160	124	36	오늘	162	DT_DAY	2	4356
오늘	DT_DURATION	2	2	1	1	오늘	162	DT_DURATION	2	1879
국회	OGG_POLITICS	2	153	129	24	국회	155	OGG_POLITICS	3	4492
국회	CV_POSITION	2	1	0	1	국회	155	CV_POSITION	3	4290
국회	AF_BUILDING	2	1	1	0	국회	155	AF_BUILDING	3	447
새누리당	OGG_POLITICS	4	153	124	29	새누리당	153	OGG_POLITICS	1	4492
아들	CV_RELATION	2	152	122	30	아들	152	CV_RELATION	1	1679
선수	CV_OCCUPATION	2	146	120	26	선수	147	CV_OCCUPATION	2	3329
선수	EV_SPORTS	2	1	1	0	선수	147	EV_SPORTS	2	720
앞	TM_DIRECTION	1	138	107	31	앞	138	TM_DIRECTION	1	619
눈	AM_PART	1	134	104	30	눈	134	AM_PART	1	1011
러시아	LCP_COUNTRY	3	115	97	18	러시아	134	LCP_COUNTRY	4	3705
러시아	OGG_SPORTS	3	10	8	2	러시아	134	OGG_SPORTS	4	970
러시아	OGG_POLITICS	3	8	8	0	러시아	134	OGG_POLITICS	4	4492
러시아	EV_OTHERS	3	1	1	0	러시아	134	EV_OTHERS	4	826
MBC	OGG_MEDIA	3	132	104	28	MBC	133	OGG_MEDIA	2	1194
MBC	AFA_VIDEO	3	1	1	0	MBC	133	AFA_VIDEO	2	2287
트위터	TMI_SERVICE	3	130	111	19	트위터	130	TMI_SERVICE	1	699
영국	LCP_COUNTRY	2	122	100	22	영국	127	LCP_COUNTRY	4	3705
영국	OGG_SPORTS	2	2	2	0	영국	127	OGG_SPORTS	4	970
영국	OGG_POLITICS	2	2	2	0	영국	127	OGG_POLITICS	4	4492
영국	CV_ART	2	1	1	0	영국	127	CV_ART	4	674
페이스북	TMI_SERVICE	4	88	73	15	페이스북	127	TMI_SERVICE	2	699
페이스북	OGG_ECONOMY	4	39	38	1	페이스북	127	OGG_ECONOMY	2	1897
지난해	DT_YEAR	3	125	96	29	지난해	126	DT_YEAR	2	1758
지난해	DT_OTHERS	3	1	1	0	지난해	126	DT_OTHERS	2	1712
올해	DT_YEAR	2	123	103	20	올해	125	DT_YEAR	2	1758
올해	DT_OTHERS	2	2	2	0	올해	125	DT_OTHERS	2	1712
딸	CV_RELATION	1	124	91	33	딸	124	CV_RELATION	1	1679
징역	CV_LAW	2	122	93	29	징역	122	CV_LAW	1	763
2명	QT_MAN_COUNT	2	117	100	17	2명	117	QT_MAN_COUNT	1	2224
박근혜	PS_NAME	3	116	99	17	박근혜	116	PS_NAME	1	17466
둘	QT_MAN_COUNT	1	80	71	9	둘	115	QT_MAN_COUNT	4	2224
둘	QT_COUNT	1	33	25	8	둘	115	QT_COUNT	4	3166
둘	QT_OTHERS	1	1	0	1	둘	115	QT_OTHERS	4	1946
둘	QT_ORDER	1	1	1	0	둘	115	QT_ORDER	4	2633
한번	QT_COUNT	2	113	98	15	한번	113	QT_COUNT	1	3166
3명	QT_MAN_COUNT	2	112	93	19	3명	112	QT_MAN_COUNT	1	2224
2편	QT_ORDER	2	109	96	13	2편	111	QT_ORDER	2	2633
2편	QT_COUNT	2	2	1	1	2편	111	QT_COUNT	2	3166
윤	PS_NAME	1	111	90	21	윤	111	PS_NAME	1	17466
대한민국	LCP_COUNTRY	4	100	88	12	대한민국	110	LCP_COUNTRY	3	3705
대한민국	OGG_POLITICS	4	7	5	2	대한민국	110	OGG_POLITICS	3	4492
대한민국	OGG_SPORTS	4	3	2	1	대한민국	110	OGG_SPORTS	3	970
민주당	OGG_POLITICS	3	110	88	22	민주당	110	OGG_POLITICS	1	4492
전날	DT_DAY	2	109	82	27	전날	109	DT_DAY	1	4356
손	AM_PART	1	91	76	15	손	108	AM_PART	2	1011
손	PS_NAME	1	17	16	1	손	108	PS_NAME	2	17466
1위	QT_ORDER	2	107	86	21	1위	107	QT_ORDER	1	2633
청와대	OGG_POLITICS	3	87	78	9	청와대	107	OGG_POLITICS	2	4492
청와대	AF_BUILDING	3	20	17	3	청와대	107	AF_BUILDING	2	447
17일	DT_DAY	3	106	84	22	17일	106	DT_DAY	1	4356
얼굴	AM_PART	2	106	79	27	얼굴	106	AM_PART	1	1011
경기도	LCP_PROVINCE	3	100	78	22	경기도	105	LCP_PROVINCE	2	936
경기도	OGG_POLITICS	3	5	4	1	경기도	105	OGG_POLITICS	2	4492
최	PS_NAME	1	105	86	19	최	105	PS_NAME	1	17466
1	QT_ORDER	1	76	67	9	1	104	QT_ORDER	5	2633
1	QT_OTHERS	1	23	20	3	1	104	QT_OTHERS	5	1946
1	QT_COUNT	1	2	0	2	1	104	QT_COUNT	5	3166
1	QT_SPORTS	1	2	2	0	1	104	QT_SPORTS	5	372
1	QT_AGE	1	1	1	0	1	104	QT_AGE	5	1334
5일	DT_DAY	2	98	76	22	5일	103	DT_DAY	2	4356
5일	DT_DURATION	2	5	4	1	5일	103	DT_DURATION	2	1879
정	PS_NAME	1	102	88	14	정	103	PS_NAME	2	17466
정	OGG_POLITICS	1	1	1	0	정	103	OGG_POLITICS	2	4492
2	QT_ORDER	1	86	78	8	2	102	QT_ORDER	3	2633
2	QT_OTHERS	1	14	11	3	2	102	QT_OTHERS	3	1946
2	QT_COUNT	1	2	2	0	2	102	QT_COUNT	3	3166
한국영화	CV_ART	4	102	83	19	한국영화	102	CV_ART	1	674
교수	CV_OCCUPATION	2	100	77	23	교수	101	CV_OCCUPATION	2	3329
교수	CV_POSITION	2	1	0	1	교수	101	CV_POSITION	2	4290
부산	LCP_CITY	2	93	68	25	부산	99	LCP_CITY	5	1262
부산	OGG_SPORTS	2	2	1	1	부산	99	OGG_SPORTS	5	970
부산	OGG_POLITICS	2	2	2	0	부산	99	OGG_POLITICS	5	4492
부산	LCP_COUNTY	2	1	1	0	부산	99	LCP_COUNTY	5	919
부산	EV_SPORTS	2	1	1	0	부산	99	EV_SPORTS	5	720
장관	CV_POSITION	2	98	80	18	장관	98	CV_POSITION	1	4290
성룡	PS_NAME	2	56	47	9	성룡	97	PS_NAME	3	17466
성룡	PS_CHARACTER	2	40	37	3	성룡	97	PS_CHARACTER	3	969
성룡	PS_PET	2	1	1	0	성룡	97	PS_PET	3	14
프랑스	LCP_COUNTRY	3	89	71	18	프랑스	97	LCP_COUNTRY	3	3705
프랑스	OGG_SPORTS	3	7	5	2	프랑스	97	OGG_SPORTS	3	970
프랑스	OGG_MEDIA	3	1	1	0	프랑스	97	OGG_MEDIA	3	1194
조	PS_NAME	1	95	81	14	조	96	PS_NAME	2	17466
조	PS_CHARACTER	1	1	0	1	조	96	PS_CHARACTER	2	969
가슴	AM_PART	2	94	76	18	가슴	94	AM_PART	1	1011
1명	QT_MAN_COUNT	2	93	73	20	1명	93	QT_MAN_COUNT	1	2224
작가	CV_OCCUPATION	2	93	74	19	작가	93	CV_OCCUPATION	1	3329
하루	DT_DURATION	2	90	69	21	하루	92	DT_DURATION	3	1879
하루	TI_DURATION	2	1	0	1	하루	92	TI_DURATION	3	1703
하루	DT_DAY	2	1	1	0	하루	92	DT_DAY	3	4356
애플	OGG_ECONOMY	2	91	78	13	애플	91	OGG_ECONOMY	1	1897
두 사람	QT_MAN_COUNT	4	90	82	8	두 사람	90	QT_MAN_COUNT	1	2224
기자	CV_OCCUPATION	2	89	68	21	기자	89	CV_OCCUPATION	1	3329
아버지	CV_RELATION	3	85	72	13	아버지	85	CV_RELATION	1	1679
16일	DT_DAY	3	84	69	15	16일	84	DT_DAY	1	4356
밤	TI_DURATION	1	83	66	17	밤	83	TI_DURATION	1	1703
3일	DT_DAY	2	77	61	16	3일	82	DT_DAY	2	4356
3일	DT_DURATION	2	5	4	1	3일	82	DT_DURATION	2	1879
KBS	OGG_MEDIA	3	81	71	10	KBS	82	OGG_MEDIA	2	1194
KBS	EV_FESTIVAL	3	1	1	0	KBS	82	EV_FESTIVAL	2	139
국정원	OGG_POLITICS	3	81	74	7	국정원	82	OGG_POLITICS	2	4492
국정원	EV_OTHERS	3	1	1	0	국정원	82	EV_OTHERS	2	826
22일	DT_DAY	3	80	65	15	22일	81	DT_DAY	2	4356
22일	DT_DURATION	3	1	1	0	22일	81	DT_DURATION	2	1879
13일	DT_DAY	3	80	61	19	13일	80	DT_DAY	1	4356
스마트폰	TMI_HW	4	80	67	13	스마트폰	80	TMI_HW	1	733
23일	DT_DAY	3	79	63	16	23일	79	DT_DAY	1	4356
19일	DT_DAY	3	77	47	30	19일	78	DT_DAY	2	4356
19일	DT_DURATION	3	1	1	0	19일	78	DT_DURATION	2	1879
법원	OGG_LAW	2	78	67	11	법원	78	OGG_LAW	1	400
신	PS_NAME	1	76	60	16	신	77	PS_NAME	2	17466
신	OGG_OTHERS	1	1	1	0	신	77	OGG_OTHERS	2	531
10일	DT_DAY	3	74	62	12	10일	76	DT_DAY	2	4356
10일	DT_DURATION	3	2	1	1	10일	76	DT_DURATION	2	1879
24일	DT_DAY	3	76	57	19	24일	76	DT_DAY	1	4356
4일	DT_DAY	2	69	52	17	4일	76	DT_DAY	2	4356
4일	DT_DURATION	2	7	3	4	4일	76	DT_DURATION	2	1879
8일	DT_DAY	2	75	62	13	8일	75	DT_DAY	1	4356
남편	CV_RELATION	2	75	61	14	남편	75	CV_RELATION	1	1679
머리	AM_PART	2	74	58	16	머리	75	AM_PART	2	1011
머리	PS_NAME	2	1	1	0	머리	75	PS_NAME	2	17466
11일	DT_DAY	3	74	59	15	11일	74	DT_DAY	1	4356
12일	DT_DAY	3	74	61	13	12일	74	DT_DAY	1	4356
4명	QT_MAN_COUNT	2	74	63	11	4명	74	QT_MAN_COUNT	1	2224
부부	CV_RELATION	2	74	63	11	부부	74	CV_RELATION	1	1679
서울시	OGG_POLITICS	3	49	44	5	서울시	74	OGG_POLITICS	2	4492
서울시	LCP_CAPITALCITY	3	25	24	1	서울시	74	LCP_CAPITALCITY	2	738
25일	DT_DAY	3	73	58	15	25일	73	DT_DAY	1	4356
7일	DT_DAY	2	72	55	17	7일	73	DT_DAY	2	4356
7일	DT_DURATION	2	1	1	0	7일	73	DT_DURATION	2	1879
유	PS_NAME	1	73	66	7	유	73	PS_NAME	1	17466
10년	DT_DURATION	3	72	61	11	10년	72	DT_DURATION	1	1879
2점	QT_OTHERS	2	63	53	10	2점	72	QT_OTHERS	3	1946
2점	QT_SPORTS	2	6	4	2	2점	72	QT_SPORTS	3	372
2점	QT_COUNT	2	3	1	2	2점	72	QT_COUNT	3	3166
아내	CV_RELATION	2	72	58	14	아내	72	CV_RELATION	1	1679
독일	LCP_COUNTRY	2	60	50	10	독일	71	LCP_COUNTRY	3	3705
독일	OGG_SPORTS	2	9	7	2	독일	71	OGG_SPORTS	3	970
독일	OGG_POLITICS	2	2	1	1	독일	71	OGG_POLITICS	3	4492
엄마	CV_RELATION	2	71	56	15	엄마	71	CV_RELATION	1	1679
강	PS_NAME	1	69	63	6	강	70	PS_NAME	2	17466
강	PS_CHARACTER	1	1	1	0	강	70	PS_CHARACTER	2	969
안	PS_NAME	1	70	57	13	안	70	PS_NAME	1	17466
차	AF_TRANSPORT	1	62	49	13	차	70	AF_TRANSPORT	3	1023
차	PS_NAME	1	7	6	1	차	70	PS_NAME	3	17466
차	CV_DRINK	1	1	1	0	차	70	CV_DRINK	3	169
14일	DT_DAY	3	69	55	14	14일	69	DT_DAY	1	4356
15일	DT_DAY	3	67	54	13	15일	69	DT_DAY	2	4356
15일	DT_DURATION	3	2	2	0	15일	69	DT_DURATION	2	1879
9일	DT_DAY	2	68	50	18	9일	69	DT_DAY	2	4356
9일	DT_DURATION	2	1	1	0	9일	69	DT_DURATION	2	1879
삼성전자	OGG_ECONOMY	4	69	60	9	삼성전자	69	OGG_ECONOMY	1	1897
21일	DT_DAY	3	68	53	15	21일	68	DT_DAY	1	4356
네이버	TMI_SERVICE	3	65	55	10	네이버	68	TMI_SERVICE	2	699
네이버	OGG_ECONOMY	3	3	3	0	네이버	68	OGG_ECONOMY	2	1897
0점	QT_OTHERS	2	65	57	8	0점	67	QT_OTHERS	3	1946
0점	QT_COUNT	2	1	1	0	0점	67	QT_COUNT	3	3166
0점	QT_SPORTS	2	1	1	0	0점	67	QT_SPORTS	3	372
SBS	OGG_MEDIA	3	67	54	13	SBS	67	OGG_MEDIA	1	1194
세월호	AF_TRANSPORT	3	61	53	8	세월호	67	AF_TRANSPORT	2	1023
세월호	EV_OTHERS	3	6	6	0	세월호	67	EV_OTHERS	2	826
아침	TI_DURATION	2	67	61	6	아침	67	TI_DURATION	1	1703
총리	CV_POSITION	2	67	48	19	총리	67	CV_POSITION	1	4290
18일	DT_DAY	3	66	46	20	18일	66	DT_DAY	1	4356
26일	DT_DAY	3	66	54	12	26일	66	DT_DAY	1	4356
사장	CV_POSITION	2	66	51	15	사장	66	CV_POSITION	1	4290
애니	CV_ART	2	66	56	10	애니	66	CV_ART	1	674
3점	QT_OTHERS	2	61	55	6	3점	64	QT_OTHERS	2	1946
3점	QT_SPORTS	2	3	2	1	3점	64	QT_SPORTS	2	372
9점	QT_OTHERS	2	64	52	12	9점	64	QT_OTHERS	1	1946
어머니	CV_RELATION	3	64	55	9	어머니	64	CV_RELATION	1	1679
28일	DT_DAY	3	63	51	12	28일	63	DT_DAY	1	4356
애니메이션	CV_ART	5	63	47	16	애니메이션	63	CV_ART	1	674
2011년	DT_YEAR	5	62	46	16	2011년	62	DT_YEAR	1	1758
27일	DT_DAY	3	62	50	12	27일	62	DT_DAY	1	4356
새벽	TI_DURATION	2	61	51	10	새벽	62	TI_DURATION	2	1703
새벽	TI_OTHERS	2	1	1	0	새벽	62	TI_OTHERS	2	577
1일	DT_DAY	2	58	44	14	1일	61	DT_DAY	2	4356
1일	DT_DURATION	2	3	2	1	1일	61	DT_DURATION	2	1879
경기	LCP_PROVINCE	2	58	46	12	경기	61	LCP_PROVINCE	2	936
경기	EV_SPORTS	2	3	3	0	경기	61	EV_SPORTS	2	720
위원장	CV_POSITION	3	61	46	15	위원장	61	CV_POSITION	1	4290
홍콩	LCP_PROVINCE	2	57	45	12	홍콩	61	LCP_PROVINCE	3	936
홍콩	LCP_COUNTRY	2	3	3	0	홍콩	61	LCP_COUNTRY	3	3705
홍콩	OGG_SPORTS	2	1	0	1	홍콩	61	OGG_SPORTS	3	970
20일	DT_DAY	3	60	43	17	20일	60	DT_DAY	1	4356
3편	QT_ORDER	2	55	49	6	3편	60	QT_ORDER	2	2633
3편	QT_COUNT	2	5	4	1	3편	60	QT_COUNT	2	3166
광주	LCP_CITY	2	59	45	14	광주	60	LCP_CITY	2	1262
광주	OGG_SPORTS	2	1	1	0	광주	60	OGG_SPORTS	2	970
대선	EV_OTHERS	2	50	42	8	대선	60	EV_OTHERS	3	826
대선	CV_POSITION	2	9	9	0	대선	60	CV_POSITION	3	4290
대선	DT_OTHERS	2	1	1	0	대선	60	DT_OTHERS	3	1712
부모	CV_RELATION	2	60	49	11	부모	60	CV_RELATION	1	1679
위	TM_DIRECTION	1	59	50	9	위	60	TM_DIRECTION	2	619
위	PS_NAME	1	1	1	0	위	60	PS_NAME	2	17466
총	AF_WEAPON	1	24	23	1	총	60	AF_WEAPON	5	282
총	QT_PRICE	1	20	16	4	총	60	QT_PRICE	5	999
총	QT_COUNT	1	11	8	3	총	60	QT_COUNT	5	3166
총	QT_MAN_COUNT	1	4	4	0	총	60	QT_MAN_COUNT	5	2224
총	QT_OTHERS	1	1	1	0	총	60	QT_OTHERS	5	1946
전	PS_NAME	1	57	47	10	전	59	PS_NAME	3	17466
전	DT_OTHERS	1	1	0	1	전	59	DT_OTHERS	3	1712
전	EV_WAR_REVOLUTION	1	1	1	0	전	59	EV_WAR_REVOLUTION	3	55
2014	DT_YEAR	4	58	51	7	2014	58	DT_YEAR	1	1758
2시간	TI_DURATION	3	58	52	6	2시간	58	TI_DURATION	1	1703
교사	CV_OCCUPATION	2	57	47	10	교사	57	CV_OCCUPATION	1	3329
대구	LCP_CITY	2	54	41	13	대구	57	LCP_CITY	3	1262
대구	PS_CHARACTER	2	2	2	0	대구	57	PS_CHARACTER	3	969
대구	AM_INSECT	2	1	1	0	대구	57	AM_INSECT	3	9
호주	LCP_COUNTRY	2	53	45	8	호주	57	LCP_COUNTRY	2	3705
호주	OGG_SPORTS	2	4	4	0	호주	57	OGG_SPORTS	2	970
29일	DT_DAY	3	56	46	10	29일	56	DT_DAY	1	4356
6일	DT_DAY	2	56	45	11	6일	56	DT_DAY	1	4356
뉴욕	LCP_CITY	2	55	48	7	뉴욕	56	LCP_CITY	2	1262
뉴욕	EV_FESTIVAL	2	1	1	0	뉴욕	56	EV_FESTIVAL	2	139
삼성	OGG_ECONOMY	2	45	39	6	삼성	56	OGG_ECONOMY	2	1897
삼성	OGG_SPORTS	2	11	6	5	삼성	56	OGG_SPORTS	2	970
유튜브	TMI_SERVICE	3	55	49	6	유튜브	56	TMI_SERVICE	2	699
유튜브	OGG_MEDIA	3	1	0	1	유튜브	56	OGG_MEDIA	2	1194
개그맨	CV_OCCUPATION	3	55	37	18	개그맨	55	CV_OCCUPATION	1	3329
브라질	LCP_COUNTRY	3	41	35	6	브라질	55	LCP_COUNTRY	2	3705
브라질	OGG_SPORTS	3	14	9	5	브라질	55	OGG_SPORTS	2	970
제주도	LCP_PROVINCE	3	54	44	10	제주도	55	LCP_PROVINCE	2	936
제주도	OGG_POLITICS	3	1	1	0	제주도	55	OGG_POLITICS	2	4492
2014년	DT_YEAR	5	53	39	14	2014년	54	DT_YEAR	2	1758
2014년	DT_DURATION	5	1	0	1	2014년	54	DT_DURATION	2	1879
대변인	CV_POSITION	3	54	43	11	대변인	54	CV_POSITION	1	4290
부인	CV_RELATION	2	54	37	17	부인	54	CV_RELATION	1	1679
인스타그램	TMI_SERVICE	5	54	51	3	인스타그램	54	TMI_SERVICE	1	699
이연걸	PS_NAME	3	54	45	9	이연걸	54	PS_NAME	1	17466
IS	OGG_MILITARY	2	53	38	15	IS	53	OGG_MILITARY	1	422
만점	QT_OTHERS	2	53	48	5	만점	53	QT_OTHERS	1	1946
메르스	TMM_DISEASE	3	53	47	6	메르스	53	TMM_DISEASE	1	341
버스	AF_TRANSPORT	2	52	41	11	버스	53	AF_TRANSPORT	2	1023
버스	CV_OCCUPATION	2	1	0	1	버스	53	CV_OCCUPATION	2	3329
인천	LCP_CITY	2	53	41	12	인천	53	LCP_CITY	1	1262
한국인	CV_TRIBE	3	53	49	4	한국인	53	CV_TRIBE	1	214
3	QT_ORDER	1	30	24	6	3	52	QT_ORDER	6	2633
3	QT_OTHERS	1	11	10	1	3	52	QT_OTHERS	6	1946
3	QT_AGE	1	5	4	1	3	52	QT_AGE	6	1334
3	QT_COUNT	1	2	2	0	3	52	QT_COUNT	6	3166
3	QT_MAN_COUNT	1	2	2	0	3	52	QT_MAN_COUNT	6	2224
3	QT_SPORTS	1	2	2	0	3	52	QT_SPORTS	6	372
2013년	DT_YEAR	5	52	36	16	2013년	52	DT_YEAR	1	1758
카메라	TMI_HW	3	52	46	6	카메라	52	TMI_HW	1	733
5명	QT_MAN_COUNT	2	51	39	12	5명	51	QT_MAN_COUNT	1	2224
80년대	DT_YEAR	4	51	44	7	80년대	51	DT_YEAR	1	1758
낮	TI_DURATION	1	51	50	1	낮	51	TI_DURATION	1	1703
크리스마스	DT_DAY	5	51	44	7	크리스마스	51	DT_DAY	1	4356
20대	QT_AGE	3	44	36	8	20대	50	QT_AGE	3	1334
20대	QT_ORDER	3	4	4	0	20대	50	QT_ORDER	3	2633
20대	QT_COUNT	3	2	1	1	20대	50	QT_COUNT	3	3166
목	AM_PART	1	50	39	11	목	50	AM_PART	1	1011
문	PS_NAME	1	50	43	7	문	50	PS_NAME	1	17466
3개	QT_COUNT	2	49	42	7	3개	49	QT_COUNT	1	3166
경북	LCP_PROVINCE	2	49	35	14	경북	49	LCP_PROVINCE	1	936
류현진	PS_NAME	3	49	35	14	류현진	49	PS_NAME	1	17466
일본영화	CV_ART	4	49	44	5	일본영화	49	CV_ART	1	674
후반	TI_DURATION	2	49	41	8	후반	49	TI_DURATION	1	1703
30일	DT_DAY	3	46	38	8	30일	48	DT_DAY	2	4356
30일	DT_DURATION	3	2	2	0	30일	48	DT_DURATION	2	1879
4점	QT_OTHERS	2	46	36	10	4점	48	QT_OTHERS	2	1946
4점	QT_SPORTS	2	2	1	1	4점	48	QT_SPORTS	2	372
공무원	CV_OCCUPATION	3	48	38	10	공무원	48	CV_OCCUPATION	1	3329
교황	CV_OCCUPATION	2	48	40	8	교황	48	CV_OCCUPATION	1	3329
군	OGG_MILITARY	1	43	38	5	군	48	OGG_MILITARY	3	422
군	OGG_POLITICS	1	4	4	0	군	48	OGG_POLITICS	3	4492
군	OGG_LAW	1	1	1	0	군	48	OGG_LAW	3	400
방송인	CV_OCCUPATION	3	48	43	5	방송인	48	CV_OCCUPATION	1	3329
작년	DT_YEAR	2	48	34	14	작년	48	DT_YEAR	1	1758
지난달	DT_MONTH	3	48	35	13	지난달	48	DT_MONTH	1	438
기상청	OGG_POLITICS	3	47	39	8	기상청	47	OGG_POLITICS	1	4492
몸	AM_PART	1	47	35	12	몸	47	AM_PART	1	1011
배	PS_NAME	1	16	11	5	배	47	PS_NAME	4	17466
배	AF_TRANSPORT	1	16	12	4	배	47	AF_TRANSPORT	4	1023
배	AM_PART	1	14	10	4	배	47	AM_PART	4	1011
배	CV_PRIZE	1	1	1	0	배	47	CV_PRIZE	4	175
택시	AF_TRANSPORT	2	45	35	10	택시	47	AF_TRANSPORT	3	1023
택시	AFA_VIDEO	2	1	1	0	택시	47	AFA_VIDEO	3	2287
택시	CV_OCCUPATION	2	1	1	0	택시	47	CV_OCCUPATION	3	3329
2일	DT_DAY	2	45	36	9	2일	46	DT_DAY	2	4356
2일	DT_DURATION	2	1	1	0	2일	46	DT_DURATION	2	1879
90년대	DT_YEAR	4	46	39	7	90년대	46	DT_YEAR	1	1758
벌금	CV_LAW	2	46	39	7	벌금	46	CV_LAW	1	763
열차	AF_TRANSPORT	2	46	41	5	열차	46	AF_TRANSPORT	1	1023
이모	PS_NAME	2	42	33	9	이모	46	PS_NAME	2	17466
이모	CV_RELATION	2	4	4	0	이모	46	CV_RELATION	2	1679
전남	LCP_PROVINCE	2	45	34	11	전남	46	LCP_PROVINCE	2	936
전남	OGG_SPORTS	2	1	0	1	전남	46	OGG_SPORTS	2	970
홍	PS_NAME	1	46	40	6	홍	46	PS_NAME	1	17466
8점	QT_OTHERS	2	43	37	6	8점	45	QT_OTHERS	3	1946
8점	QT_SPORTS	2	1	0	1	8점	45	QT_SPORTS	3	372
8점	QT_COUNT	2	1	1	0	8점	45	QT_COUNT	3	3166
TV	TMI_HW	2	45	36	9	TV	45	TMI_HW	1	733
변호사	CV_OCCUPATION	3	45	38	7	변호사	45	CV_OCCUPATION	1	3329
장	PS_NAME	1	44	39	5	장	45	PS_NAME	2	17466
장	CV_POSITION	1	1	1	0	장	45	CV_POSITION	2	4290
강원도	LCP_PROVINCE	3	44	31	13	강원도	44	LCP_PROVINCE	1	936
김연아	PS_NAME	3	44	38	6	김연아	44	PS_NAME	1	17466
디즈니	OGG_ECONOMY	3	44	38	6	디즈니	44	OGG_ECONOMY	1	1897
오바마	PS_NAME	3	44	35	9	오바마	44	PS_NAME	1	17466
휴대전화	TMI_HW	4	44	34	10	휴대전화	44	TMI_HW	1	733
개성공단	LC_OTHERS	4	43	36	7	개성공단	43	LC_OTHERS	1	905
김정은	PS_NAME	3	43	37	6	김정은	43	PS_NAME	1	17466
대법원	OGG_LAW	3	43	36	7	대법원	43	OGG_LAW	1	400
동생	CV_RELATION	2	43	35	8	동생	43	CV_RELATION	1	1679
모델	CV_OCCUPATION	2	43	37	6	모델	43	CV_OCCUPATION	1	3329
송	PS_NAME	1	43	35	8	송	43	PS_NAME	1	17466
술	CV_DRINK	1	43	34	9	술	43	CV_DRINK	1	169
아래	TM_DIRECTION	2	43	39	4	아래	43	TM_DIRECTION	1	619
지하철	AF_TRANSPORT	3	43	32	11	지하철	43	AF_TRANSPORT	1	1023
한	PS_NAME	1	25	18	7	한	43	PS_NAME	6	17466
한	LCP_COUNTRY	1	9	8	1	한	43	LCP_COUNTRY	6	3705
한	QT_COUNT	1	4	3	1	한	43	QT_COUNT	6	3166
한	OGG_POLITICS	1	3	2	1	한	43	OGG_POLITICS	6	4492
한	QT_MAN_COUNT	1	1	0	1	한	43	QT_MAN_COUNT	6	2224
한	DT_DURATION	1	1	1	0	한	43	DT_DURATION	6	1879
할머니	CV_RELATION	3	43	32	11	할머니	43	CV_RELATION	1	1679
2012년	DT_YEAR	5	42	31	11	2012년	42	DT_YEAR	1	1758
7점	QT_OTHERS	2	41	35	6	7점	42	QT_OTHERS	2	1946
7점	QT_SPORTS	2	1	1	0	7점	42	QT_SPORTS	2	372
국방부	OGG_POLITICS	3	42	34	8	국방부	42	OGG_POLITICS	1	4492
부장판사	CV_POSITION	4	42	33	9	부장판사	42	CV_POSITION	1	4290
새정치민주연합	OGG_POLITICS	7	42	32	10	새정치민주연합	42	OGG_POLITICS	1	4492
승무원	CV_OCCUPATION	3	42	38	4	승무원	42	CV_OCCUPATION	1	3329
2010년	DT_YEAR	5	41	30	11	2010년	41	DT_YEAR	1	1758
2년	DT_DURATION	2	41	31	10	2년	41	DT_DURATION	1	1879
아나운서	CV_OCCUPATION	4	41	31	10	아나운서	41	CV_OCCUPATION	1	3329
자동차	AF_TRANSPORT	3	41	33	8	자동차	41	AF_TRANSPORT	1	1023
해경	OGG_POLITICS	2	41	34	7	해경	41	OGG_POLITICS	1	4492
1차	QT_ORDER	2	40	31	9	1차	40	QT_ORDER	1	2633
2위	QT_ORDER	2	40	31	9	2위	40	QT_ORDER	1	2633
어제	DT_DAY	2	40	32	8	어제	40	DT_DAY	1	4356
연예인	CV_OCCUPATION	3	40	36	4	연예인	40	CV_OCCUPATION	1	3329
원장	CV_POSITION	2	40	32	8	원장	40	CV_POSITION	1	4290
의사	CV_OCCUPATION	2	40	31	9	의사	40	CV_OCCUPATION	1	3329
임	PS_NAME	1	39	31	8	임	40	PS_NAME	2	17466
이스라엘	LCP_COUNTRY	4	34	29	5	이스라엘	40	LCP_COUNTRY	3	3705
이스라엘	OGG_POLITICS	4	5	5	0	이스라엘	40	OGG_POLITICS	3	4492
이스라엘	OGG_MILITARY	4	1	1	0	이스라엘	40	OGG_MILITARY	3	422
임	EV_OTHERS	1	1	0	1	임	40	EV_OTHERS	2	826
총장	CV_POSITION	2	40	32	8	총장	40	CV_POSITION	1	4290
허	PS_NAME	1	40	32	8	허	40	PS_NAME	1	17466
31일	DT_DAY	3	39	35	4	31일	39	DT_DAY	1	4356
3D	TR_SCIENCE	2	33	30	3	3D	39	TR_SCIENCE	2	79
3D	QT_OTHERS	2	6	3	3	3D	39	QT_OTHERS	2	1946
6명	QT_MAN_COUNT	2	39	33	6	6명	39	QT_MAN_COUNT	1	2224
오른쪽	TM_DIRECTION	3	39	33	6	오른쪽	39	TM_DIRECTION	1	619
이집트	LCP_COUNTRY	3	39	34	5	이집트	39	LCP_COUNTRY	1	3705
이탈리아	LCP_COUNTRY	4	31	24	7	이탈리아	39	LCP_COUNTRY	2	3705
이탈리아	OGG_SPORTS	4	8	6	2	이탈리아	39	OGG_SPORTS	2	970
자녀	CV_RELATION	2	39	30	9	자녀	39	CV_RELATION	1	1679
한 번	QT_COUNT	3	39	31	8	한 번	39	QT_COUNT	1	3166
10대	QT_AGE	3	31	25	6	10대	38	QT_AGE	2	1334
10대	QT_COUNT	3	7	6	1	10대	38	QT_COUNT	2	3166
1심	QT_ORDER	2	38	32	6	1심	38	QT_ORDER	1	2633
2015년	DT_YEAR	5	38	34	4	2015년	38	DT_YEAR	1	1758
CCTV	TMI_HW	4	34	30	4	CCTV	38	TMI_HW	2	733
CCTV	OGG_MEDIA	4	4	4	0	CCTV	38	OGG_MEDIA	2	1194
남북	OGG_POLITICS	2	35	28	7	남북	38	OGG_POLITICS	2	4492
남북	LCP_COUNTRY	2	3	1	2	남북	38	LCP_COUNTRY	2	3705
대한항공	OGG_ECONOMY	4	37	31	6	대한항공	38	OGG_ECONOMY	2	1897
대한항공	OGG_SPORTS	4	1	1	0	대한항공	38	OGG_SPORTS	2	970
시	OGG_POLITICS	1	26	22	4	시	38	OGG_POLITICS	5	4492
시	CV_ART	1	5	4	1	시	38	CV_ART	5	674
시	PS_NAME	1	5	5	0	시	38	PS_NAME	5	17466
시	LCP_COUNTY	1	1	0	1	시	38	LCP_COUNTY	5	919
시	LCP_CITY	1	1	1	0	시	38	LCP_CITY	5	1262
2개	QT_COUNT	2	37	28	9	2개	37	QT_COUNT	1	3166
경찰관	CV_OCCUPATION	3	37	34	3	경찰관	37	CV_OCCUPATION	1	3329
금메달	CV_PRIZE	3	37	31	6	금메달	37	CV_PRIZE	1	175
주말	DT_DURATION	2	33	25	8	주말	37	DT_DURATION	3	1879
주말	DT_DAY	2	3	1	2	주말	37	DT_DAY	3	4356
주말	AFA_VIDEO	2	1	1	0	주말	37	AFA_VIDEO	3	2287
집행유예	CV_LAW	4	37	28	9	집행유예	37	CV_LAW	1	763
항공기	AF_TRANSPORT	3	36	26	10	항공기	37	AF_TRANSPORT	2	1023
항공기	EV_OTHERS	3	1	0	1	항공기	37	EV_OTHERS	2	826
1개	QT_COUNT	2	36	23	13	1개	36	QT_COUNT	1	3166
1년	DT_DURATION	2	36	29	7	1년	36	DT_DURATION	1	1879
시리아	LCP_COUNTRY	3	35	29	6	시리아	36	LCP_COUNTRY	2	3705
시리아	OGG_POLITICS	3	1	0	1	시리아	36	OGG_POLITICS	2	4492
아시아	LCG_CONTINENT	3	35	28	7	아시아	36	LCG_CONTINENT	2	154
아시아	CV_ART	3	1	1	0	아시아	36	CV_ART	2	674
여배우	CV_OCCUPATION	3	36	25	11	여배우	36	CV_OCCUPATION	1	3329
4개	QT_COUNT	2	35	26	9	4개	35	QT_COUNT	1	3166
7명	QT_MAN_COUNT	2	35	30	5	7명	35	QT_MAN_COUNT	1	2224
두번	QT_COUNT	2	35	27	8	두번	35	QT_COUNT	1	3166
무한도전	AFA_VIDEO	4	35	29	6	무한도전	35	AFA_VIDEO	1	2287
미	LCP_COUNTRY	1	33	29	4	미	35	LCP_COUNTRY	2	3705
미	OGG_POLITICS	1	2	1	1	미	35	OGG_POLITICS	2	4492
수능	EV_OTHERS	2	35	32	3	수능	35	EV_OTHERS	1	826
스페인	LCP_COUNTRY	3	28	25	3	스페인	35	LCP_COUNTRY	2	3705
스페인	OGG_SPORTS	3	7	7	0	스페인	35	OGG_SPORTS	2	970
아빠	CV_RELATION	2	35	30	5	아빠	35	CV_RELATION	1	1679
인도	LCP_COUNTRY	2	34	31	3	인도	35	LCP_COUNTRY	2	3705
인도	OGG_SPORTS	2	1	0	1	인도	35	OGG_SPORTS	2	970
35	QT_AGE	2	34	23	11	35	34	QT_AGE	1	1334
목사	CV_OCCUPATION	2	34	30	4	목사	34	CV_OCCUPATION	1	3329
북부	TM_DIRECTION	2	34	22	12	북부	34	TM_DIRECTION	1	619
세월호 참사	EV_OTHERS	6	34	29	5	세월호 참사	34	EV_OTHERS	1	826
장국영	PS_NAME	3	34	32	2	장국영	34	PS_NAME	1	17466
22	QT_AGE	2	33	24	9	22	33	QT_AGE	1	1334
2007년	DT_YEAR	5	33	27	6	2007년	33	DT_YEAR	1	1758
2차	QT_ORDER	2	33	28	5	2차	33	QT_ORDER	1	2633
3년	DT_DURATION	2	33	29	4	3년	33	DT_DURATION	1	1879
5개	QT_COUNT	2	33	27	6	5개	33	QT_COUNT	1	3166
6점	QT_OTHERS	2	31	28	3	6점	33	QT_OTHERS	3	1946
6점	QT_COUNT	2	1	1	0	6점	33	QT_COUNT	3	3166
6점	QT_SPORTS	2	1	1	0	6점	33	QT_SPORTS	3	372
검사	CV_OCCUPATION	2	33	27	6	검사	33	CV_OCCUPATION	1	3329
내년	DT_YEAR	2	30	24	6	내년	33	DT_YEAR	3	1758
내년	DT_OTHERS	2	2	2	0	내년	33	DT_OTHERS	3	1712
내년	DT_DURATION	2	1	1	0	내년	33	DT_DURATION	3	1879
네덜란드	LCP_COUNTRY	4	24	21	3	네덜란드	33	LCP_COUNTRY	2	3705
네덜란드	OGG_SPORTS	4	9	8	1	네덜란드	33	OGG_SPORTS	2	970
대전	LCP_CITY	2	33	25	8	대전	33	LCP_CITY	1	1262
두 배우	QT_MAN_COUNT	4	33	30	3	두 배우	33	QT_MAN_COUNT	1	2224
박사	CV_POSITION	2	33	23	10	박사	33	CV_POSITION	1	4290
발	AM_PART	1	33	20	13	발	33	AM_PART	1	1011
싸이	PS_NAME	2	33	26	7	싸이	33	PS_NAME	1	17466
일병	CV_POSITION	2	33	25	8	일병	33	CV_POSITION	1	4290
코레일	OGG_ECONOMY	3	33	29	4	코레일	33	OGG_ECONOMY	1	1897
2013	DT_YEAR	4	32	28	4	2013	32	DT_YEAR	1	1758
2009년	DT_YEAR	5	32	26	6	2009년	32	DT_YEAR	1	1758
20년	DT_DURATION	3	31	23	8	20년	32	DT_DURATION	2	1879
20년	DT_YEAR	3	1	1	0	20년	32	DT_YEAR	2	1758
강남	LCP_COUNTY	2	24	18	6	강남	32	LCP_COUNTY	3	919
강남	PS_NAME	2	7	6	1	강남	32	PS_NAME	3	17466
강남	LC_OTHERS	2	1	1	0	강남	32	LC_OTHERS	3	905
김기덕	PS_NAME	3	32	26	6	김기덕	32	PS_NAME	1	17466
북측	OGG_POLITICS	2	31	25	6	북측	32	OGG_POLITICS	2	4492
북측	LC_OTHERS	2	1	1	0	북측	32	LC_OTHERS	2	905
서울대	OGG_EDUCATION	3	32	22	10	서울대	32	OGG_EDUCATION	1	428
중국인	CV_TRIBE	3	32	25	7	중국인	32	CV_TRIBE	1	214
지난 1일	DT_DAY	5	32	21	11	지난 1일	32	DT_DAY	1	4356
판사	CV_OCCUPATION	2	32	21	11	판사	32	CV_OCCUPATION	1	3329
5점	QT_OTHERS	2	26	22	4	5점	31	QT_OTHERS	3	1946
5점	QT_SPORTS	2	3	3	0	5점	31	QT_SPORTS	3	372
5점	QT_COUNT	2	2	1	1	5점	31	QT_COUNT	3	3166
권	PS_NAME	1	31	29	2	권	31	PS_NAME	1	17466
뒤	TM_DIRECTION	1	31	22	9	뒤	31	TM_DIRECTION	1	619
부사장	CV_POSITION	3	31	27	4	부사장	31	CV_POSITION	1	4290
승용차	AF_TRANSPORT	3	31	20	11	승용차	31	AF_TRANSPORT	1	1023
영어	CV_LANGUAGE	2	27	21	6	영어	31	CV_LANGUAGE	2	59
영어	FD_HUMANITIES	2	4	3	1	영어	31	FD_HUMANITIES	2	54
한반도	LCG_BAY	3	30	28	2	한반도	31	LCG_BAY	2	45
한반도	AFA_VIDEO	3	1	1	0	한반도	31	AFA_VIDEO	2	2287
할리우드	LCP_PROVINCE	4	30	22	8	할리우드	31	LCP_PROVINCE	2	936
할리우드	CV_ART	4	1	1	0	할리우드	31	CV_ART	2	674
tvN	OGG_MEDIA	3	30	22	8	tvN	30	OGG_MEDIA	1	1194
강릉	LCP_CITY	2	30	25	5	강릉	30	LCP_CITY	1	1262
교육부	OGG_POLITICS	3	30	25	5	교육부	30	OGG_POLITICS	1	4492
국회의원	CV_POSITION	4	30	23	7	국회의원	30	CV_POSITION	1	4290
노무현	PS_NAME	3	30	24	6	노무현	30	PS_NAME	1	17466
두 번째	QT_ORDER	4	30	24	6	두 번째	30	QT_ORDER	1	2633
두 차례	QT_COUNT	4	30	27	3	두 차례	30	QT_COUNT	1	3166
브라질 월드컵	EV_SPORTS	7	30	24	6	브라질 월드컵	30	EV_SPORTS	1	720
성	PS_NAME	1	30	25	5	성	30	PS_NAME	1	17466
연기자	CV_OCCUPATION	3	30	24	6	연기자	30	CV_OCCUPATION	1	3329
옆	TM_DIRECTION	1	30	26	4	옆	30	TM_DIRECTION	1	619
월드컵	EV_SPORTS	3	30	25	5	월드컵	30	EV_SPORTS	1	720
유럽	LCG_CONTINENT	2	30	23	7	유럽	30	LCG_CONTINENT	1	154
이병헌	PS_NAME	3	30	24	6	이병헌	30	PS_NAME	1	17466
저녁	TI_DURATION	2	30	24	6	저녁	30	TI_DURATION	1	1703
캐나다	LCP_COUNTRY	3	27	22	5	캐나다	30	LCP_COUNTRY	2	3705
캐나다	OGG_SPORTS	3	3	3	0	캐나다	30	OGG_SPORTS	2	970
컴퓨터	TMI_HW	3	30	29	1	컴퓨터	30	TMI_HW	1	733
태국	LCP_COUNTRY	2	30	26	4	태국	30	LCP_COUNTRY	1	3705
25	QT_AGE	2	28	22	6	25	29	QT_AGE	2	1334
25	QT_MAN_COUNT	2	1	1	0	25	29	QT_MAN_COUNT	2	2224
7점대	QT_OTHERS	3	29	27	2	7점대	29	QT_OTHERS	1	1946
C	PS_NAME	1	29	27	2	C	29	PS_NAME	1	17466
강남구	LCP_COUNTY	3	27	22	5	강남구	29	LCP_COUNTY	2	919
강남구	OGG_POLITICS	3	2	2	0	강남구	29	OGG_POLITICS	2	4492
노	PS_NAME	1	29	29	0	노	29	PS_NAME	1	17466
독도	LCG_ISLAND	2	29	25	4	독도	29	LCG_ISLAND	1	124
안철수	PS_NAME	3	29	24	5	안철수	29	PS_NAME	1	17466
유덕화	PS_NAME	3	29	26	3	유덕화	29	PS_NAME	1	17466
지난 20일	DT_DAY	6	29	25	4	지난 20일	29	DT_DAY	1	4356
파리	LCP_CAPITALCITY	2	28	24	4	파리	29	LCP_CAPITALCITY	2	738
파리	OGG_POLITICS	2	1	1	0	파리	29	OGG_POLITICS	2	4492
하정우	PS_NAME	3	29	22	7	하정우	29	PS_NAME	1	17466
2008년	DT_YEAR	5	28	21	7	2008년	28	DT_YEAR	1	1758
3번	QT_COUNT	2	21	18	3	3번	28	QT_COUNT	2	3166
3번	QT_ORDER	2	7	7	0	3번	28	QT_ORDER	2	2633
경남	LCP_PROVINCE	2	28	19	9	경남	28	LCP_PROVINCE	1	936
국가정보원	OGG_POLITICS	5	27	23	4	국가정보원	28	OGG_POLITICS	2	4492
국가정보원	CV_POSITION	5	1	1	0	국가정보원	28	CV_POSITION	2	4290
벨기에	LCP_COUNTRY	3	16	14	2	벨기에	28	LCP_COUNTRY	3	3705
벨기에	OGG_SPORTS	3	11	11	0	벨기에	28	OGG_SPORTS	3	970
벨기에	EV_OTHERS	3	1	1	0	벨기에	28	EV_OTHERS	3	826
소방당국	OGG_POLITICS	4	28	22	6	소방당국	28	OGG_POLITICS	1	4492
시장	CV_POSITION	2	28	23	5	시장	28	CV_POSITION	1	4290
시즌1	QT_ORDER	3	28	26	2	시즌1	28	QT_ORDER	1	2633
시즌2	QT_ORDER	3	28	26	2	시즌2	28	QT_ORDER	1	2633
오	PS_NAME	1	26	23	3	오	28	PS_NAME	3	17466
오	PS_CHARACTER	1	1	1	0	오	28	PS_CHARACTER	3	969
오	OGG_ECONOMY	1	1	1	0	오	28	OGG_ECONOMY	3	1897
제1	QT_ORDER	2	28	21	7	제1	28	QT_ORDER	1	2633
최민식	PS_NAME	3	28	20	8	최민식	28	PS_NAME	1	17466
한국 영화	CV_ART	5	28	27	1	한국 영화	28	CV_ART	1	674
황	PS_NAME	1	28	22	6	황	28	PS_NAME	1	17466
4	QT_ORDER	1	17	16	1	4	27	QT_ORDER	4	2633
4	QT_OTHERS	1	5	5	0	4	27	QT_OTHERS	4	1946
4	QT_AGE	1	3	3	0	4	27	QT_AGE	4	1334
4	QT_SPORTS	1	2	0	2	4	27	QT_SPORTS	4	372
21	QT_AGE	2	27	26	1	21	27	QT_AGE	1	1334
33	QT_AGE	2	27	19	8	33	27	QT_AGE	1	1334
2015	DT_YEAR	4	27	21	6	2015	27	DT_YEAR	1	1758
1인	QT_MAN_COUNT	2	27	17	10	1인	27	QT_MAN_COUNT	1	2224
강동원	PS_NAME	3	27	21	6	강동원	27	PS_NAME	1	17466
견자단	PS_NAME	3	22	20	2	견자단	27	PS_NAME	2	17466
견자단	PS_CHARACTER	3	5	4	1	견자단	27	PS_CHARACTER	2	969
군인	CV_OCCUPATION	2	27	24	3	군인	27	CV_OCCUPATION	1	3329
김수현	PS_NAME	3	27	26	1	김수현	27	PS_NAME	1	17466
런던	LCP_CAPITALCITY	2	27	25	2	런던	27	LCP_CAPITALCITY	1	738
멕시코	LCP_COUNTRY	3	24	18	6	멕시코	27	LCP_COUNTRY	2	3705
멕시코	OGG_SPORTS	3	3	2	1	멕시코	27	OGG_SPORTS	2	970
법무부	OGG_POLITICS	3	27	21	6	법무부	27	OGG_POLITICS	1	4492
부회장	CV_POSITION	3	27	24	3	부회장	27	CV_POSITION	1	4290
손흥민	PS_NAME	3	27	24	3	손흥민	27	PS_NAME	1	17466
유재석	PS_NAME	3	27	24	3	유재석	27	PS_NAME	1	17466
임창정	PS_NAME	3	27	24	3	임창정	27	PS_NAME	1	17466
이소룡	PS_NAME	3	27	24	3	이소룡	27	PS_NAME	1	17466
전반	TI_DURATION	2	15	6	9	전반	27	TI_DURATION	2	1703
전반	EV_SPORTS	2	12	10	2	전반	27	EV_SPORTS	2	720
제주	LCP_PROVINCE	2	27	19	8	제주	27	LCP_PROVINCE	1	936
주성치	PS_NAME	3	27	23	4	주성치	27	PS_NAME	1	17466
지난 10일	DT_DAY	6	27	17	10	지난 10일	27	DT_DAY	1	4356
지난 3일	DT_DAY	5	27	19	8	지난 3일	27	DT_DAY	1	4356
커피	CV_DRINK	2	27	22	5	커피	27	CV_DRINK	1	169
31	QT_AGE	2	25	24	1	31	26	QT_AGE	2	1334
31	QT_SPORTS	2	1	1	0	31	26	QT_SPORTS	2	372
3위	QT_ORDER	2	26	22	4	3위	26	QT_ORDER	1	2633
단원고	OGG_EDUCATION	3	26	23	3	단원고	26	OGG_EDUCATION	1	428
베이징	LCP_CAPITALCITY	3	25	17	8	베이징	26	LCP_CAPITALCITY	2	738
베이징	LCP_CITY	3	1	1	0	베이징	26	LCP_CITY	2	1262
변호인	CV_OCCUPATION	3	17	13	4	변호인	26	CV_OCCUPATION	2	3329
변호인	AFA_VIDEO	3	9	6	3	변호인	26	AFA_VIDEO	2	2287
서	PS_NAME	1	26	21	5	서	26	PS_NAME	1	17466
서울중앙지검	OGG_LAW	6	26	24	2	서울중앙지검	26	OGG_LAW	1	400
송강호	PS_NAME	3	26	23	3	송강호	26	PS_NAME	1	17466
연합뉴스	OGG_MEDIA	4	26	19	7	연합뉴스	26	OGG_MEDIA	1	1194
여객기	AF_TRANSPORT	3	26	21	5	여객기	26	AF_TRANSPORT	1	1023
여의도	LCP_COUNTY	3	26	23	3	여의도	26	LCP_COUNTY	1	919
올림픽	EV_SPORTS	3	26	20	6	올림픽	26	EV_SPORTS	1	720
제작진	CV_OCCUPATION	3	26	23	3	제작진	26	CV_OCCUPATION	1	3329
필리핀	LCP_COUNTRY	3	26	22	4	필리핀	26	LCP_COUNTRY	1	3705
하지원	PS_NAME	3	26	22	4	하지원	26	PS_NAME	1	17466
한명	QT_MAN_COUNT	2	25	21	4	한명	26	QT_MAN_COUNT	2	2224
한명	PS_NAME	2	1	1	0	한명	26	PS_NAME	2	17466
한번쯤	QT_COUNT	3	26	23	3	한번쯤	26	QT_COUNT	1	3166
헐리우드	LC_OTHERS	4	12	10	2	헐리우드	26	LC_OTHERS	3	905
헐리우드	LCP_PROVINCE	4	12	12	0	헐리우드	26	LCP_PROVINCE	3	936
헐리우드	CV_ART	4	2	2	0	헐리우드	26	CV_ART	3	674
10개	QT_COUNT	3	25	22	3	10개	25	QT_COUNT	1	3166
10명	QT_MAN_COUNT	3	25	20	5	10명	25	QT_MAN_COUNT	1	2224
9명	QT_MAN_COUNT	2	25	17	8	9명	25	QT_MAN_COUNT	1	2224
남	PS_NAME	1	19	14	5	남	25	PS_NAME	3	17466
남	LCP_COUNTRY	1	3	2	1	남	25	LCP_COUNTRY	3	3705
남	OGG_POLITICS	1	3	3	0	남	25	OGG_POLITICS	3	4492
대만	LCP_COUNTRY	2	24	19	5	대만	25	LCP_COUNTRY	2	3705
대만	OGG_SPORTS	2	1	0	1	대만	25	OGG_SPORTS	2	970
비행기	AF_TRANSPORT	3	25	18	7	비행기	25	AF_TRANSPORT	1	1023
아이유	PS_NAME	3	25	24	1	아이유	25	PS_NAME	1	17466
의장	CV_POSITION	2	25	20	5	의장	25	CV_POSITION	1	4290
전북	LCP_PROVINCE	2	23	19	4	전북	25	LCP_PROVINCE	2	936
전북	OGG_SPORTS	2	2	2	0	전북	25	OGG_SPORTS	2	970
주윤발	PS_NAME	3	25	24	1	주윤발	25	PS_NAME	1	17466
지난 12일	DT_DAY	6	25	17	8	지난 12일	25	DT_DAY	1	4356
지난 15일	DT_DAY	6	25	19	6	지난 15일	25	DT_DAY	1	4356
터키	LCP_COUNTRY	2	24	21	3	터키	25	LCP_COUNTRY	2	3705
터키	OGG_POLITICS	2	1	1	0	터키	25	OGG_POLITICS	2	4492
통합진보당	OGG_POLITICS	5	25	23	2	통합진보당	25	OGG_POLITICS	1	4492
한 명	QT_MAN_COUNT	3	25	18	7	한 명	25	QT_MAN_COUNT	1	2224
26	QT_AGE	2	24	19	5	26	24	QT_AGE	1	1334
10년전	DT_OTHERS	4	24	19	5	10년전	24	DT_OTHERS	1	1712
1회	QT_ORDER	2	9	6	3	1회	24	QT_ORDER	3	2633
1회	QT_COUNT	2	9	8	1	1회	24	QT_COUNT	3	3166
1회	EV_SPORTS	2	6	4	2	1회	24	EV_SPORTS	3	720
5년	DT_DURATION	2	24	21	3	5년	24	DT_DURATION	1	1879
8명	QT_MAN_COUNT	2	24	17	7	8명	24	QT_MAN_COUNT	1	2224
8점대	QT_OTHERS	3	24	22	2	8점대	24	QT_OTHERS	1	1946
EBS	OGG_MEDIA	3	24	22	2	EBS	24	OGG_MEDIA	1	1194
JTBC	OGG_MEDIA	4	24	19	5	JTBC	24	OGG_MEDIA	1	1194
공	CV_SPORTS_INST	1	18	13	5	공	24	CV_SPORTS_INST	2	52
공	PS_NAME	1	6	6	0	공	24	PS_NAME	2	17466
구글	OGG_ECONOMY	2	17	14	3	구글	24	OGG_ECONOMY	2	1897
구글	TMI_SERVICE	2	7	7	0	구글	24	TMI_SERVICE	2	699
그리스	LCP_COUNTRY	3	22	21	1	그리스	24	LCP_COUNTRY	2	3705
그리스	OGG_SPORTS	3	2	1	1	그리스	24	OGG_SPORTS	2	970
성우	CV_OCCUPATION	2	24	20	4	성우	24	CV_OCCUPATION	1	3329
아르헨티나	LCP_COUNTRY	5	13	11	2	아르헨티나	24	LCP_COUNTRY	2	3705
아르헨티나	OGG_SPORTS	5	11	8	3	아르헨티나	24	OGG_SPORTS	2	970
아이폰	AFW_OTHER_PRODUCTS	3	24	21	3	아이폰	24	AFW_OTHER_PRODUCTS	1	292
아이폰6	AFW_OTHER_PRODUCTS	4	24	22	2	아이폰6	24	AFW_OTHER_PRODUCTS	1	292
위키트리	TMI_SERVICE	4	13	13	0	위키트리	24	TMI_SERVICE	5	699
위키트리	OGG_MEDIA	4	5	4	1	위키트리	24	OGG_MEDIA	5	1194
위키트리	OGG_OTHERS	4	4	3	1	위키트리	24	OGG_OTHERS	5	531
위키트리	OGG_ECONOMY	4	1	1	0	위키트리	24	OGG_ECONOMY	5	1897
위키트리	PS_NAME	4	1	1	0	위키트리	24	PS_NAME	5	17466
지구	LC_SPACE	2	24	22	2	지구	24	LC_SPACE	1	62
지난 13일	DT_DAY	6	24	21	3	지난 13일	24	DT_DAY	1	4356
지난 19일	DT_DAY	6	24	20	4	지난 19일	24	DT_DAY	1	4356
지난 8일	DT_DAY	5	24	20	4	지난 8일	24	DT_DAY	1	4356
차승원	PS_NAME	3	24	18	6	차승원	24	PS_NAME	1	17466
충북	LCP_PROVINCE	2	24	19	5	충북	24	LCP_PROVINCE	1	936
한편	QT_COUNT	2	24	22	2	한편	24	QT_COUNT	1	3166
형제	CV_RELATION	2	24	15	9	형제	24	CV_RELATION	1	1679
100%	QT_PERCENTAGE	4	23	19	4	100%	23	QT_PERCENTAGE	1	730
10분	TI_DURATION	3	23	18	5	10분	23	TI_DURATION	1	1703
1시간	TI_DURATION	3	23	20	3	1시간	23	TI_DURATION	1	1703
2학년	QT_ORDER	3	23	17	6	2학년	23	QT_ORDER	1	2633
30분	TI_DURATION	3	23	22	1	30분	23	TI_DURATION	1	1703
4대	QT_COUNT	2	21	20	1	4대	23	QT_COUNT	2	3166
4대	QT_ORDER	2	2	1	1	4대	23	QT_ORDER	2	2633
70년대	DT_YEAR	4	23	0	23	70년대	23	DT_YEAR	1	1758
7개	QT_COUNT	2	23	20	3	7개	23	QT_COUNT	1	3166
고양이	AM_MAMMALIA	3	23	17	6	고양이	23	AM_MAMMALIA	1	165
남부	TM_DIRECTION	2	23	19	4	남부	23	TM_DIRECTION	1	619
내일	DT_DAY	2	22	15	7	내일	23	DT_DAY	2	4356
내일	OGG_ECONOMY	2	1	1	0	내일	23	OGG_ECONOMY	2	1897
다음날	DT_DAY	3	23	19	4	다음날	23	DT_DAY	1	4356
류승범	PS_NAME	3	23	21	2	류승범	23	PS_NAME	1	17466
문재인	PS_NAME	3	23	19	4	문재인	23	PS_NAME	1	17466
미사일	AF_WEAPON	3	23	21	2	미사일	23	AF_WEAPON	1	282
병장	CV_POSITION	2	23	17	6	병장	23	CV_POSITION	1	4290
부장검사	CV_POSITION	4	23	21	2	부장검사	23	CV_POSITION	1	4290
아프리카	LCG_CONTINENT	4	23	17	6	아프리카	23	LCG_CONTINENT	1	154
연간	DT_DURATION	2	23	18	5	연간	23	DT_DURATION	1	1879
올 시즌	DT_DURATION	4	23	16	7	올 시즌	23	DT_DURATION	1	1879
원내대표	CV_POSITION	4	23	21	2	원내대표	23	CV_POSITION	1	4290
이석기	PS_NAME	3	23	21	2	이석기	23	PS_NAME	1	17466
인도네시아	LCP_COUNTRY	5	20	18	2	인도네시아	23	LCP_COUNTRY	3	3705
인도네시아	OGG_SPORTS	5	2	1	1	인도네시아	23	OGG_SPORTS	3	970
인도네시아	OGG_POLITICS	5	1	1	0	인도네시아	23	OGG_POLITICS	3	4492
임원	CV_POSITION	2	23	20	3	임원	23	CV_POSITION	1	4290
정상회담	EV_OTHERS	4	23	19	4	정상회담	23	EV_OTHERS	1	826
지난 17일	DT_DAY	6	23	17	6	지난 17일	23	DT_DAY	1	4356
지난 2월	DT_MONTH	5	23	20	3	지난 2월	23	DT_MONTH	1	438
축구	CV_SPORTS	2	22	20	2	축구	23	CV_SPORTS	2	233
축구	OGG_SPORTS	2	1	0	1	축구	23	OGG_SPORTS	2	970
충남	LCP_PROVINCE	2	23	17	6	충남	23	LCP_PROVINCE	1	936
티비	TMI_HW	2	23	16	7	티비	23	TMI_HW	1	733
프랑스 영화	CV_ART	6	23	22	1	프랑스 영화	23	CV_ART	1	674
해군	OGG_MILITARY	2	23	20	3	해군	23	OGG_MILITARY	1	422
핵	AF_WEAPON	1	23	20	3	핵	23	AF_WEAPON	1	282
23	QT_AGE	2	22	16	6	23	22	QT_AGE	1	1334
27	QT_AGE	2	22	20	2	27	22	QT_AGE	1	1334
2004년	DT_YEAR	5	22	17	5	2004년	22	DT_YEAR	1	1758
2005년	DT_YEAR	5	22	18	4	2005년	22	DT_YEAR	1	1758
20년전	DT_OTHERS	4	21	21	0	20년전	22	DT_OTHERS	2	1712
20년전	DT_DURATION	4	1	1	0	20년전	22	DT_DURATION	2	1879
2번	QT_COUNT	2	12	11	1	2번	22	QT_COUNT	2	3166
2번	QT_ORDER	2	10	8	2	2번	22	QT_ORDER	2	2633
CEO	CV_POSITION	3	22	19	3	CEO	22	CV_POSITION	1	4290
YTN	OGG_MEDIA	3	22	20	2	YTN	22	OGG_MEDIA	1	1194
국토부	OGG_POLITICS	3	22	15	7	국토부	22	OGG_POLITICS	1	4492
김명민	PS_NAME	3	22	21	1	김명민	22	PS_NAME	1	17466
다리	AM_PART	2	22	20	2	다리	22	AM_PART	1	1011
대사	CV_POSITION	2	22	20	2	대사	22	CV_POSITION	1	4290
두번째	QT_ORDER	3	22	19	3	두번째	22	QT_ORDER	1	2633
민주통합당	OGG_POLITICS	5	22	17	5	민주통합당	22	OGG_POLITICS	1	4492
박지성	PS_NAME	3	22	18	4	박지성	22	PS_NAME	1	17466
셰프	CV_OCCUPATION	2	22	18	4	셰프	22	CV_OCCUPATION	1	3329
수지	PS_NAME	2	22	21	1	수지	22	PS_NAME	1	17466
스위스	LCP_COUNTRY	3	15	11	4	스위스	22	LCP_COUNTRY	2	3705
스위스	OGG_SPORTS	3	7	5	2	스위스	22	OGG_SPORTS	2	970
심형래	PS_NAME	3	22	20	2	심형래	22	PS_NAME	1	17466
오전 10시	TI_HOUR	6	21	17	4	오전 10시	22	TI_HOUR	2	331
오전 10시	TI_DURATION	6	1	1	0	오전 10시	22	TI_DURATION	2	1703
오후 2시	TI_HOUR	5	21	18	3	오후 2시	22	TI_HOUR	2	331
오후 2시	TI_DURATION	5	1	1	0	오후 2시	22	TI_DURATION	2	1703
왼쪽	TM_DIRECTION	2	22	14	8	왼쪽	22	TM_DIRECTION	1	619
유엔	OGG_OTHERS	2	22	17	5	유엔	22	OGG_OTHERS	1	531
이사장	CV_POSITION	3	22	18	4	이사장	22	CV_POSITION	1	4290
전도연	PS_NAME	3	22	22	0	전도연	22	PS_NAME	1	17466
정우성	PS_NAME	3	22	19	3	정우성	22	PS_NAME	1	17466
제2	QT_ORDER	2	22	19	3	제2	22	QT_ORDER	1	2633
지난 1월	DT_MONTH	5	22	18	4	지난 1월	22	DT_MONTH	1	438
총기	AF_WEAPON	2	22	20	2	총기	22	AF_WEAPON	1	282
팔	AM_PART	1	22	18	4	팔	22	AM_PART	1	1011
한효주	PS_NAME	3	22	20	2	한효주	22	PS_NAME	1	17466
0	QT_OTHERS	1	18	16	2	0	21	QT_OTHERS	4	1946
0	QT_SPORTS	1	1	0	1	0	21	QT_SPORTS	4	372
0	QT_ORDER	1	1	1	0	0	21	QT_ORDER	4	2633
0	QT_COUNT	1	1	1	0	0	21	QT_COUNT	4	3166
43	QT_AGE	2	21	18	3	43	21	QT_AGE	1	1334
12명	QT_MAN_COUNT	3	21	20	1	12명	21	QT_MAN_COUNT	1	2224
6개	QT_COUNT	2	21	19	2	6개	21	QT_COUNT	1	3166
강원	LCP_PROVINCE	2	21	14	7	강원	21	LCP_PROVINCE	1	936
개	AM_MAMMALIA	1	21	17	4	개	21	AM_MAMMALIA	1	165
겨울	DT_SEASON	2	20	17	3	겨울	21	DT_SEASON	2	83
겨울	DT_OTHERS	2	1	1	0	겨울	21	DT_OTHERS	2	1712
북	LCP_COUNTRY	1	12	10	2	북	21	LCP_COUNTRY	5	3705
북	OGG_POLITICS	1	5	4	1	북	21	OGG_POLITICS	5	4492
북	LCG_OCEAN	1	2	2	0	북	21	LCG_OCEAN	5	85
북	TM_DIRECTION	1	1	1	0	북	21	TM_DIRECTION	5	619
북	AF_MUSICAL_INSTRUMENT	1	1	1	0	북	21	AF_MUSICAL_INSTRUMENT	5	37
소녀시대	PS_NAME	4	21	18	3	소녀시대	21	PS_NAME	1	17466
소방관	CV_OCCUPATION	3	21	19	2	소방관	21	CV_OCCUPATION	1	3329
육군	OGG_MILITARY	2	21	15	6	육군	21	OGG_MILITARY	1	422
장동민	PS_NAME	3	21	16	5	장동민	21	PS_NAME	1	17466
지난 14일	DT_DAY	6	21	19	2	지난 14일	21	DT_DAY	1	4356
지난 21일	DT_DAY	6	21	18	3	지난 21일	21	DT_DAY	1	4356
지난 6일	DT_DAY	5	21	15	6	지난 6일	21	DT_DAY	1	4356
지난해 12월	DT_OTHERS	7	21	18	3	지난해 12월	21	DT_OTHERS	1	1712
짐캐리	PS_NAME	3	21	13	8	짐캐리	21	PS_NAME	1	17466
차량	AF_TRANSPORT	2	21	13	8	차량	21	AF_TRANSPORT	1	1023
추신수	PS_NAME	3	21	18	3	추신수	21	PS_NAME	1	17466
토요일	DT_DAY	3	21	19	2	토요일	21	DT_DAY	1	4356
한 편	QT_COUNT	3	21	20	1	한 편	21	QT_COUNT	1	3166
하나만	QT_COUNT	3	21	16	5	하나만	21	QT_COUNT	1	3166
헬기	AF_TRANSPORT	2	21	11	10	헬기	21	AF_TRANSPORT	1	1023
형	CV_RELATION	1	20	18	2	형	21	CV_RELATION	2	1679
형	CV_LAW	1	1	0	1	형	21	CV_LAW	2	763
홍상수	PS_NAME	3	21	20	1	홍상수	21	PS_NAME	1	17466
30	QT_AGE	2	19	17	2	30	20	QT_AGE	2	1334
30	QT_PERCENTAGE	2	1	1	0	30	20	QT_PERCENTAGE	2	730
15세	QT_AGE	3	20	18	2	15세	20	QT_AGE	1	1334
2회	QT_COUNT	2	11	10	1	2회	20	QT_COUNT	3	3166
2회	QT_ORDER	2	6	6	0	2회	20	QT_ORDER	3	2633
2회	EV_SPORTS	2	3	2	1	2회	20	EV_SPORTS	3	720
5분	TI_DURATION	2	20	18	2	5분	20	TI_DURATION	1	1703
6년	DT_DURATION	2	19	18	1	6년	20	DT_DURATION	2	1879
6년	DT_YEAR	2	1	1	0	6년	20	DT_YEAR	2	1758
CNN	OGG_MEDIA	3	20	19	1	CNN	20	OGG_MEDIA	1	1194
국무총리	CV_POSITION	4	19	15	4	국무총리	20	CV_POSITION	2	4290
국무총리	OGG_POLITICS	4	1	1	0	국무총리	20	OGG_POLITICS	2	4492
남동생	CV_RELATION	3	19	4	15	남동생	20	CV_RELATION	2	1679
남동생	AFA_VIDEO	3	1	0	1	남동생	20	AFA_VIDEO	2	2287
동부	TM_DIRECTION	2	19	14	5	동부	20	TM_DIRECTION	2	619
동부	LCP_PROVINCE	2	1	0	1	동부	20	LCP_PROVINCE	2	936
버락 오바마	PS_NAME	6	20	20	0	버락 오바마	20	PS_NAME	1	17466
북한군	OGG_MILITARY	3	20	16	4	북한군	20	OGG_MILITARY	1	422
선박	AF_TRANSPORT	2	20	17	3	선박	20	AF_TRANSPORT	1	1023
설경구	PS_NAME	3	20	15	5	설경구	20	PS_NAME	1	17466
입	AM_PART	1	20	15	5	입	20	AM_PART	1	1011
제1위원장	CV_POSITION	5	20	19	1	제1위원장	20	CV_POSITION	1	4290
지난 26일	DT_DAY	6	20	16	4	지난 26일	20	DT_DAY	1	4356
지드래곤	PS_NAME	4	20	17	3	지드래곤	20	PS_NAME	1	17466
총선	EV_OTHERS	2	20	14	6	총선	20	EV_OTHERS	1	826
한개	QT_COUNT	2	20	0	20	한개	20	QT_COUNT	1	3166
해리포터	AFA_VIDEO	4	11	8	3	해리포터	20	AFA_VIDEO	3	2287
해리포터	AFA_DOCUMENT	4	8	5	3	해리포터	20	AFA_DOCUMENT	3	181
해리포터	PS_NAME	4	1	0	1	해리포터	20	PS_NAME	3	17466
홍콩영화	CV_ART	4	20	18	2	홍콩영화	20	CV_ART	1	674
34	QT_AGE	2	18	15	3	34	19	QT_AGE	2	1334
34	QT_OTHERS	2	1	1	0	34	19	QT_OTHERS	2	1946
2002년	DT_YEAR	5	19	13	6	2002년	19	DT_YEAR	1	1758
20분	TI_DURATION	3	19	13	6	20분	19	TI_DURATION	1	1703
경위	CV_POSITION	2	19	16	3	경위	19	CV_POSITION	1	4290
경찰청	OGG_POLITICS	3	17	14	3	경찰청	19	OGG_POLITICS	2	4492
경찰청	AF_BUILDING	3	2	2	0	경찰청	19	AF_BUILDING	2	447
국토교통부	OGG_POLITICS	5	19	15	4	국토교통부	19	OGG_POLITICS	1	4492
기성용	PS_NAME	3	19	17	2	기성용	19	PS_NAME	1	17466
메이저리그	OGG_SPORTS	5	18	15	3	메이저리그	19	OGG_SPORTS	2	970
메이저리그	EV_SPORTS	5	1	1	0	메이저리그	19	EV_SPORTS	2	720
밑	TM_DIRECTION	1	19	17	2	밑	19	TM_DIRECTION	1	619
베트남	LCP_COUNTRY	3	19	18	1	베트남	19	LCP_COUNTRY	1	3705
보건당국	OGG_POLITICS	4	19	18	1	보건당국	19	OGG_POLITICS	1	4492
선생님	CV_OCCUPATION	3	19	16	3	선생님	19	CV_OCCUPATION	1	3329
심장	TM_CELL_TISSUE_ORGAN	2	18	15	3	심장	19	TM_CELL_TISSUE_ORGAN	2	113
심장	AM_PART	2	1	1	0	심장	19	AM_PART	2	1011
안산	LCP_CITY	2	19	15	4	안산	19	LCP_CITY	1	1262
엄정화	PS_NAME	3	19	16	3	엄정화	19	PS_NAME	1	17466
외교부	OGG_POLITICS	3	19	17	2	외교부	19	OGG_POLITICS	1	4492
원	PS_NAME	1	17	14	3	원	19	PS_NAME	3	17466
원	QT_COUNT	1	1	0	1	원	19	QT_COUNT	3	3166
원	CV_CURRENCY	1	1	1	0	원	19	CV_CURRENCY	3	23
이대호	PS_NAME	3	19	15	4	이대호	19	PS_NAME	1	17466
전지현	PS_NAME	3	19	16	3	전지현	19	PS_NAME	1	17466
조카	CV_RELATION	2	19	16	3	조카	19	CV_RELATION	1	1679
중부	TM_DIRECTION	2	18	16	2	중부	19	TM_DIRECTION	2	619
중부	LC_OTHERS	2	1	1	0	중부	19	LC_OTHERS	2	905
지난 23일	DT_DAY	6	19	17	2	지난 23일	19	DT_DAY	1	4356
지난달 31일	DT_OTHERS	7	19	14	5	지난달 31일	19	DT_OTHERS	1	1712
철도노조	OGG_OTHERS	4	19	19	0	철도노조	19	OGG_OTHERS	1	531
한 차례	QT_COUNT	4	19	18	1	한 차례	19	QT_COUNT	1	3166
한사람	QT_MAN_COUNT	3	19	17	2	한사람	19	QT_MAN_COUNT	1	2224
10	QT_OTHERS	2	14	10	4	10	18	QT_OTHERS	3	1946
10	QT_AGE	2	3	1	2	10	18	QT_AGE	3	1334
10	QT_COUNT	2	1	1	0	10	18	QT_COUNT	3	3166
18	QT_AGE	2	14	12	2	18	18	QT_AGE	4	1334
18	QT_OTHERS	2	2	1	1	18	18	QT_OTHERS	4	1946
18	QT_MAN_COUNT	2	1	0	1	18	18	QT_MAN_COUNT	4	2224
18	QT_ORDER	2	1	0	1	18	18	QT_ORDER	4	2633
19	QT_AGE	2	16	13	3	19	18	QT_AGE	3	1334
19	QT_ORDER	2	1	0	1	19	18	QT_ORDER	3	2633
19	QT_MAN_COUNT	2	1	1	0	19	18	QT_MAN_COUNT	3	2224
29	QT_AGE	2	18	16	2	29	18	QT_AGE	1	1334
1%	QT_PERCENTAGE	2	18	13	5	1%	18	QT_PERCENTAGE	1	730
10%	QT_PERCENTAGE	3	18	14	4	10%	18	QT_PERCENTAGE	1	730
1탄	QT_ORDER	2	18	13	5	1탄	18	QT_ORDER	1	2633
30년	DT_DURATION	3	18	15	3	30년	18	DT_DURATION	1	1879
30대	QT_AGE	3	16	14	2	30대	18	QT_AGE	2	1334
30대	QT_COUNT	3	2	1	1	30대	18	QT_COUNT	2	3166
3차	QT_ORDER	2	18	17	1	3차	18	QT_ORDER	1	2633
NLL	LC_OTHERS	3	18	16	2	NLL	18	LC_OTHERS	1	905
경사	CV_POSITION	2	18	14	4	경사	18	CV_POSITION	1	4290
국립과학수사연구원	OGG_POLITICS	9	18	14	4	국립과학수사연구원	18	OGG_POLITICS	1	4492
국방위원회	OGG_MILITARY	5	17	12	5	국방위원회	18	OGG_MILITARY	2	422
국방위원회	OGG_POLITICS	5	1	1	0	국방위원회	18	OGG_POLITICS	2	4492
권상우	PS_NAME	3	18	15	3	권상우	18	PS_NAME	1	17466
김구라	PS_NAME	3	18	14	4	김구라	18	PS_NAME	1	17466
김희선	PS_NAME	3	18	16	2	김희선	18	PS_NAME	1	17466
대법관	CV_OCCUPATION	3	18	13	5	대법관	18	CV_OCCUPATION	1	3329
두시간	TI_DURATION	3	18	0	18	두시간	18	TI_DURATION	1	1703
드라마	AFA_VIDEO	3	17	17	0	드라마	18	AFA_VIDEO	2	2287
드라마	CV_ART	3	1	1	0	드라마	18	CV_ART	2	674
라디오	TMI_HW	3	15	12	3	라디오	18	TMI_HW	3	733
라디오	AFA_VIDEO	3	2	2	0	라디오	18	AFA_VIDEO	3	2287
라디오	OGG_MEDIA	3	1	1	0	라디오	18	OGG_MEDIA	3	1194
말레이시아	LCP_COUNTRY	5	17	14	3	말레이시아	18	LCP_COUNTRY	2	3705
말레이시아	OGG_POLITICS	5	1	1	0	말레이시아	18	OGG_POLITICS	2	4492
목포	LCP_CITY	2	16	10	6	목포	18	LCP_CITY	3	1262
목포	OGG_POLITICS	2	1	1	0	목포	18	OGG_POLITICS	3	4492
목포	OGG_MEDICINE	2	1	1	0	목포	18	OGG_MEDICINE	3	143
미군	OGG_MILITARY	2	18	16	2	미군	18	OGG_MILITARY	1	422
설리	PS_NAME	2	18	15	3	설리	18	PS_NAME	1	17466
세 번째	QT_ORDER	4	18	13	5	세 번째	18	QT_ORDER	1	2633
손연재	PS_NAME	3	18	12	6	손연재	18	PS_NAME	1	17466
송중기	PS_NAME	3	17	14	3	송중기	18	PS_NAME	2	17466
송중기	PS_CHARACTER	3	1	1	0	송중기	18	PS_CHARACTER	2	969
수원	LCP_CITY	2	17	16	1	수원	18	LCP_CITY	2	1262
수원	OGG_SPORTS	2	1	1	0	수원	18	OGG_SPORTS	2	970
아베	PS_NAME	2	18	15	3	아베	18	PS_NAME	1	17466
엑소	PS_NAME	2	18	16	2	엑소	18	PS_NAME	1	17466
여름	DT_SEASON	2	18	10	8	여름	18	DT_SEASON	1	83
예선	EV_SPORTS	2	18	15	3	예선	18	EV_SPORTS	1	720
우크라이나	LCP_COUNTRY	5	18	12	6	우크라이나	18	LCP_COUNTRY	1	3705
울산	LCP_CITY	2	16	14	2	울산	18	LCP_CITY	2	1262
울산	OGG_SPORTS	2	2	2	0	울산	18	OGG_SPORTS	2	970
일베	TMI_SERVICE	2	18	16	2	일베	18	TMI_SERVICE	1	699
일요일	DT_DAY	3	18	14	4	일요일	18	DT_DAY	1	4356
이라크	LCP_COUNTRY	3	18	11	7	이라크	18	LCP_COUNTRY	1	3705
이란	LCP_COUNTRY	2	11	11	0	이란	18	LCP_COUNTRY	3	3705
이란	OGG_SPORTS	2	5	3	2	이란	18	OGG_SPORTS	3	970
이란	OGG_POLITICS	2	2	1	1	이란	18	OGG_POLITICS	3	4492
이순신	PS_NAME	3	15	12	3	이순신	18	PS_NAME	2	17466
이순신	PS_CHARACTER	3	3	3	0	이순신	18	PS_CHARACTER	2	969
조종사	CV_OCCUPATION	3	18	15	3	조종사	18	CV_OCCUPATION	1	3329
종로구	LCP_COUNTY	3	18	15	3	종로구	18	LCP_COUNTY	1	919
지난 11일	DT_DAY	6	18	14	4	지난 11일	18	DT_DAY	1	4356
지난 5일	DT_DAY	5	18	14	4	지난 5일	18	DT_DAY	1	4356
지난달 29일	DT_OTHERS	7	18	17	1	지난달 29일	18	DT_OTHERS	1	1712
지난해 10월	DT_OTHERS	7	18	16	2	지난해 10월	18	DT_OTHERS	1	1712
지난해 11월	DT_OTHERS	7	18	14	4	지난해 11월	18	DT_OTHERS	1	1712
프랑스영화	CV_ART	5	18	17	1	프랑스영화	18	CV_ART	1	674
한 사람	QT_MAN_COUNT	4	18	16	2	한 사람	18	QT_MAN_COUNT	1	2224
한국사	FD_HUMANITIES	3	13	10	3	한국사	18	FD_HUMANITIES	2	54
한국사	LCP_COUNTRY	3	5	5	0	한국사	18	LCP_COUNTRY	2	3705
한석규	PS_NAME	3	18	14	4	한석규	18	PS_NAME	1	17466
하사	CV_POSITION	2	18	18	0	하사	18	CV_POSITION	1	4290
홈런	TM_SPORTS	2	18	12	6	홈런	18	TM_SPORTS	1	339
28	QT_AGE	2	17	12	5	28	17	QT_AGE	1	1334
36	QT_AGE	2	17	13	4	36	17	QT_AGE	1	1334
40	QT_AGE	2	17	14	3	40	17	QT_AGE	1	1334
10번	QT_COUNT	3	12	12	0	10번	17	QT_COUNT	3	3166
10번	QT_ORDER	3	4	3	1	10번	17	QT_ORDER	3	2633
10번	AFA_VIDEO	3	1	1	0	10번	17	AFA_VIDEO	3	2287
11명	QT_MAN_COUNT	3	17	15	2	11명	17	QT_MAN_COUNT	1	2224
1등	QT_ORDER	2	17	14	3	1등	17	QT_ORDER	1	2633
2006년	DT_YEAR	5	17	14	3	2006년	17	DT_YEAR	1	1758
2층	QT_ORDER	2	17	15	2	2층	17	QT_ORDER	1	2633
3월	DT_MONTH	2	16	11	5	3월	17	DT_MONTH	2	438
3월	DT_DURATION	2	1	1	0	3월	17	DT_DURATION	2	1879
4곳	QT_COUNT	2	17	12	5	4곳	17	QT_COUNT	1	3166
50대	QT_AGE	3	15	14	1	50대	17	QT_AGE	2	1334
50대	QT_COUNT	3	2	1	1	50대	17	QT_COUNT	2	3166
6월	DT_MONTH	2	12	10	2	6월	17	DT_MONTH	2	438
6월	DT_DURATION	2	5	2	3	6월	17	DT_DURATION	2	1879
6점대	QT_OTHERS	3	17	16	1	6점대	17	QT_OTHERS	1	1946
9점대	QT_OTHERS	3	17	14	3	9점대	17	QT_OTHERS	1	1946
간호사	CV_OCCUPATION	3	16	12	4	간호사	17	CV_OCCUPATION	2	3329
간호사	CV_POSITION	3	1	1	0	간호사	17	CV_POSITION	2	4290
결승	EV_SPORTS	2	15	15	0	결승	17	EV_SPORTS	2	720
결승	TM_SPORTS	2	2	2	0	결승	17	TM_SPORTS	2	339
귀	AM_PART	1	17	9	8	귀	17	AM_PART	1	1011
김정일	PS_NAME	3	17	17	0	김정일	17	PS_NAME	1	17466
내년부터	DT_OTHERS	4	17	15	2	내년부터	17	DT_OTHERS	1	1712
뉴욕타임스	OGG_MEDIA	5	17	15	2	뉴욕타임스	17	OGG_MEDIA	1	1194
둘째	QT_ORDER	2	14	13	1	둘째	17	QT_ORDER	2	2633
둘째	CV_RELATION	2	3	3	0	둘째	17	CV_RELATION	2	1679
무릎	AM_PART	2	17	16	1	무릎	17	AM_PART	1	1011
박명수	PS_NAME	3	17	15	2	박명수	17	PS_NAME	1	17466
서울중앙지법	OGG_LAW	6	17	13	4	서울중앙지법	17	OGG_LAW	1	400
서해	LCG_OCEAN	2	17	13	4	서해	17	LCG_OCEAN	1	85
안전행정부	OGG_POLITICS	5	17	13	4	안전행정부	17	OGG_POLITICS	1	4492
암	TMM_DISEASE	1	17	16	1	암	17	TMM_DISEASE	1	341
인천시	LCP_CITY	3	13	9	4	인천시	17	LCP_CITY	2	1262
인천시	OGG_POLITICS	3	4	3	1	인천시	17	OGG_POLITICS	2	4492
일본인	CV_TRIBE	3	17	14	3	일본인	17	CV_TRIBE	1	214
임직원	CV_POSITION	3	17	14	3	임직원	17	CV_POSITION	1	4290
장진	PS_NAME	2	17	15	2	장진	17	PS_NAME	1	17466
조니뎁	PS_NAME	3	17	12	5	조니뎁	17	PS_NAME	1	17466
주	PS_NAME	1	16	13	3	주	17	PS_NAME	2	17466
주	LCP_PROVINCE	1	1	0	1	주	17	LCP_PROVINCE	2	936
중국영화	CV_ART	4	17	14	3	중국영화	17	CV_ART	1	674
주심	CV_POSITION	2	17	14	3	주심	17	CV_POSITION	1	4290
지난 3월	DT_MONTH	5	17	16	1	지난 3월	17	DT_MONTH	1	438
차관	CV_POSITION	2	17	10	7	차관	17	CV_POSITION	1	4290
첫번째	QT_ORDER	3	17	15	2	첫번째	17	QT_ORDER	1	2633
평론가	CV_OCCUPATION	3	17	14	3	평론가	17	CV_OCCUPATION	1	3329
픽사	OGG_ECONOMY	2	16	16	0	픽사	17	OGG_ECONOMY	2	1897
픽사	AFA_VIDEO	2	1	1	0	픽사	17	AFA_VIDEO	2	2287
현대차	OGG_ECONOMY	3	17	16	1	현대차	17	OGG_ECONOMY	1	1897
20	QT_AGE	2	16	15	1	20	16	QT_AGE	1	1334
32	QT_AGE	2	15	11	4	32	16	QT_AGE	2	1334
32	QT_OTHERS	2	1	1	0	32	16	QT_OTHERS	2	1946
55	QT_AGE	2	16	14	2	55	16	QT_AGE	1	1334
16강	EV_SPORTS	3	13	10	3	16강	16	EV_SPORTS	2	720
16강	QT_SPORTS	3	3	3	0	16강	16	QT_SPORTS	2	372
1학년	QT_ORDER	3	16	12	4	1학년	16	QT_ORDER	1	2633
21세기	DT_OTHERS	4	16	13	3	21세기	16	DT_OTHERS	1	1712
3대	QT_COUNT	2	15	13	2	3대	16	QT_COUNT	2	3166
3대	QT_ORDER	2	1	1	0	3대	16	QT_ORDER	2	2633
40대	QT_AGE	3	16	11	5	40대	16	QT_AGE	1	1334
4편	QT_ORDER	2	14	10	4	4편	16	QT_ORDER	2	2633
4편	QT_COUNT	2	2	2	0	4편	16	QT_COUNT	2	3166
8개	QT_COUNT	2	16	12	4	8개	16	QT_COUNT	1	3166
고소영	PS_NAME	3	16	12	4	고소영	16	PS_NAME	1	17466
골키퍼	CV_SPORTS_POSITION	3	16	12	4	골키퍼	16	CV_SPORTS_POSITION	1	130
